<?xml version="1.0" encoding="UTF-8"?>

<mule xmlns:apikit="http://www.mulesoft.org/schema/mule/apikit"
	xmlns:context="http://www.springframework.org/schema/context" xmlns:ws="http://www.mulesoft.org/schema/mule/ws"
	xmlns:http="http://www.mulesoft.org/schema/mule/http"
	xmlns="http://www.mulesoft.org/schema/mule/core" xmlns:doc="http://www.mulesoft.org/schema/mule/documentation"
	xmlns:spring="http://www.springframework.org/schema/beans" 
	xmlns:xsi="http://www.w3.org/2001/XMLSchema-instance"
	xsi:schemaLocation="http://www.mulesoft.org/schema/mule/apikit http://www.mulesoft.org/schema/mule/apikit/current/mule-apikit.xsd
http://www.mulesoft.org/schema/mule/ws http://www.mulesoft.org/schema/mule/ws/current/mule-ws.xsd
http://www.mulesoft.org/schema/mule/http http://www.mulesoft.org/schema/mule/http/current/mule-http.xsd
http://www.springframework.org/schema/beans http://www.springframework.org/schema/beans/spring-beans-current.xsd
http://www.mulesoft.org/schema/mule/core http://www.mulesoft.org/schema/mule/core/current/mule.xsd
http://www.springframework.org/schema/context http://www.springframework.org/schema/context/spring-context-current.xsd">
	<ws:consumer-config name="Web_Service_Consumer" wsdlLocation="wsdl/HelloService.wsdl" service="Hello_Service" port="Hello_Port" serviceAddress="http://cal-espace-79:8088/SayHello/" doc:name="Web Service Consumer"/>
    <http:listener-config name="sadikwebservice-httpListenerConfig" host="${host}" port="${port}" doc:name="HTTP Listener Configuration" /> 
    <context:property-placeholder location="configurationFiles\config.properties"/>
    <choice-exception-strategy name="globalChoiceException" >
            <catch-exception-strategy when="#[exception.causeMatches('org.mule.api.MessagingException')]" doc:name="Catch Exception Strategy">
                <logger message="#[payload]" level="INFO" doc:name="Logger"/>
                <parse-template location="src\main\resources\resposneFolder\errorResposne.json" doc:name="Parse Template"/>
            </catch-exception-strategy>
            <catch-exception-strategy  doc:name="Catch Exception Strategy" when="#[http.status== '404']">
	            <set-property propertyName="Content-Type" value="application/json" doc:name="Property"/>
	            <set-payload value="{ &quot;message&quot;: &quot;Resource not found&quot; }" doc:name="Set Payload"/>
            </catch-exception-strategy>
            
            <catch-exception-strategy  doc:name="Catch Exception Strategy-400" when="#[http.status== '400']">
	            <set-property propertyName="Content-Type" value="application/json" doc:name="Property"/>
	            <set-payload value="{ &quot;message&quot;: &quot;Resource not found&quot; }" doc:name="Set Payload"/>
            </catch-exception-strategy>
            <catch-exception-strategy  doc:name="Catch Exception Strategy-415" when="#[http.status== '415']">
	            <set-property propertyName="Content-Type" value="application/json" doc:name="Property"/>
            <set-payload value="{ &quot;message&quot;: &quot;Unsupported media type&quot; }" doc:name="Set Payload"/>
            </catch-exception-strategy>
            <catch-exception-strategy  doc:name="Catch Exception Strategy -405" when="#[http.status== '405']">
	            <set-property propertyName="Content-Type" value="application/json" doc:name="Property"/>
            <set-payload value="{ &quot;message&quot;: &quot;Method not allowed&quot; }" doc:name="Set Payload"/>
            </catch-exception-strategy>            
    </choice-exception-strategy>
</mule>
